"","p_val","avg_log2FC","pct.1","pct.2","p_val_adj"
"S100a6",8.84904410195075e-195,2.55261820108374,0.941,0.393,1.53973367373943e-190
"Eln",6.10291972691921e-130,2.3412924754352,0.785,0.252,1.06190803248394e-125
"Col1a1",3.10672319189716e-211,1.99263130875947,1,0.926,5.40569835390107e-207
"Timp1",1.13404173062443e-110,1.94068580605827,0.907,0.58,1.9732326112865e-106
"Ltbp2",1.79572967878876e-140,1.72059707556762,0.736,0.123,3.12456964109245e-136
"Mgp",8.76114744210514e-30,1.70282474363569,0.248,0.039,1.52443965492629e-25
"Acta2",1.71265913026162e-60,1.69200136038168,0.647,0.271,2.98002688665522e-56
"Col15a1",6.40555220886231e-123,1.61781739207211,0.8,0.287,1.11456608434204e-118
"Gas6",4.92435258546173e-129,1.61711783616152,0.774,0.185,8.56837349870341e-125
"Igf1",1.43140171011049e-126,1.59298296852119,0.78,0.249,2.49063897559226e-122
"Spp1",5.60169509176169e-12,1.57631240424412,0.12,0.025,9.74694945966533e-08
"Col1a2",1.5594630959411e-172,1.53251914212157,0.999,0.988,2.71346578693751e-168
"Lcn2",8.36541374415573e-39,1.48773066763298,0.359,0.086,1.4555819914831e-34
"Serpine2",7.75921347031471e-133,1.48079279232476,0.918,0.492,1.35010314383476e-128
"Ncam1",3.2366295740642e-135,1.43842373425407,0.747,0.151,5.63173545887171e-131
"Lpl",1.08650597983687e-116,1.42100339389592,0.959,0.758,1.89052040491615e-112
"Col6a3",1.40477597562526e-172,1.34079840953357,0.996,0.896,2.44431019758796e-168
"Dpt",1.66775496258374e-112,1.29433273970497,0.894,0.442,2.90189363489571e-108
"Htra1",1.58852753806582e-100,1.28193681855624,0.706,0.193,2.76403791623453e-96
"Fbn2",1.2557754352803e-83,1.21035928293284,0.557,0.096,2.18504925738773e-79
"Serpina3n",2.51960742157993e-58,1.20544695275114,0.558,0.188,4.38411691354908e-54
"Saa3",1.57647230189142e-14,1.18509879050958,0.145,0.029,2.74306180529107e-10
"Lox",3.94408997716399e-94,1.17500676255364,0.697,0.22,6.86271656026534e-90
"C3",2.02361000700176e-58,1.16914864168039,0.804,0.521,3.52108141218307e-54
"Lgals1",1.16238333419774e-128,1.16763947013414,0.991,0.941,2.02254700150407e-124
"Emp1",2.67540033059716e-115,1.15876732038307,0.902,0.518,4.65519657523906e-111
"Col5a2",1.97129045038988e-117,1.14076514019143,0.944,0.709,3.4300453836784e-113
"Ccn2",1.21091974565186e-48,1.12347294856379,0.801,0.546,2.10700035743424e-44
"Fstl1",2.90364832343477e-131,1.10822835133464,0.99,0.903,5.05234808277651e-127
"Ildr2",7.83239494505212e-81,1.09393056142014,0.538,0.087,1.36283672043907e-76
"Fmod",2.17764064915184e-67,1.08674550502208,0.482,0.084,3.7890947295242e-63
"Gpx3",9.91743076510096e-60,1.08427067088146,0.641,0.269,1.72563295312757e-55
"Cd34",1.91734420646602e-73,1.07712754228708,0.514,0.094,3.33617891925087e-69
"Igfbp4",2.50620849766733e-37,1.07187665325286,0.793,0.627,4.36080278594115e-33
"Mfap4",8.48874332999117e-59,1.0677446009323,0.413,0.055,1.47704133941846e-54
"Crip1",1.68001960390688e-56,1.05145202718233,0.909,0.771,2.92323411079797e-52
"Col3a1",1.9312855204031e-122,1.04469828876788,1,0.995,3.36043680550139e-118
"Col4a5",1.37833501455781e-82,1.04439112366437,0.548,0.094,2.39830292533058e-78
"Loxl1",1.94992856686973e-93,1.02621870305613,0.864,0.466,3.39287570635333e-89
"Timp3",3.02028063359059e-72,1.00429172016366,0.969,0.862,5.25528830244763e-68
"Fzd1",1.53106959564807e-77,0.998510550339103,0.698,0.282,2.66406109642764e-73
"Phldb2",9.5199475781586e-71,0.956522220840097,0.704,0.301,1.6564708785996e-66
"Itgb5",3.49562166543026e-77,0.922862518438726,0.909,0.661,6.08238169784866e-73
"Sparcl1",2.06234207018278e-61,0.909147993351311,0.908,0.647,3.58847520211805e-57
"Tnc",3.8337121490877e-43,0.90636998348687,0.595,0.296,6.6706591394126e-39
"Fxyd6",3.06334531553443e-52,0.892333656115651,0.348,0.03,5.33022084902991e-48
"Mfap2",2.26164864530209e-61,0.881793757376984,0.636,0.254,3.93526864282564e-57
"Fam180a",1.20603549213085e-64,0.87701806083722,0.791,0.397,2.09850175630768e-60
"Fth1",1.79778623624859e-94,0.87107297801052,0.999,1,3.12814805107255e-90
"Colec12",1.82152113230672e-65,0.860479207939531,0.799,0.476,3.1694467702137e-61
"Col12a1",1.17949856051253e-66,0.857019280791721,0.475,0.082,2.0523274952918e-62
"F2r",2.10857758878487e-57,0.843654193275931,0.867,0.624,3.66892500448568e-53
"Adamtsl2",8.77726198361065e-59,0.838382807106186,0.891,0.612,1.52724358514825e-54
"Col4a1",2.55685100297046e-80,0.827067088126886,0.987,0.921,4.44892074516859e-76
"Mmp2",3.92688072275438e-55,0.826378689695121,0.859,0.568,6.83277245759263e-51
"Rgs16",1.69824734792164e-32,0.818969263622696,0.379,0.128,2.95495038538366e-28
"Plat",1.07041942251845e-66,0.812699486232688,0.832,0.496,1.86252979518211e-62
"Fhl2",8.39496123254243e-42,0.792063366770896,0.72,0.434,1.46072325446238e-37
"Nrep",1.23245749081038e-50,0.782811413777611,0.455,0.121,2.14447603401006e-46
"Pmepa1",9.4968847443116e-46,0.766179913139174,0.935,0.81,1.65245794551022e-41
"Slc7a2",1.28145609544218e-43,0.765760114164137,0.618,0.301,2.2297336060694e-39
"Nav1",4.33164028855906e-51,0.763315853187338,0.733,0.422,7.53705410209276e-47
"Unc5b",1.85261636385705e-55,0.754471794347529,0.781,0.459,3.22355247311127e-51
"Ptgis",2.18732660385309e-49,0.753806409180338,0.734,0.41,3.80594829070438e-45
"Svep1",5.63455821374451e-55,0.751789841139037,0.702,0.316,9.80413129191545e-51
"Col6a2",7.36831103014256e-55,0.747439000362655,0.832,0.543,1.28208611924481e-50
"S100a16",1.07148720004091e-55,0.717239594563358,0.476,0.116,1.86438772807118e-51
"Fbn1",1.21908142335783e-48,0.712348516773174,0.881,0.676,2.12120167664263e-44
"Cx3cl1",2.02863494060166e-40,0.704546673859341,0.575,0.284,3.52982479664689e-36
"Cxcl14",9.63115715738976e-10,0.697704673514906,0.767,0.706,1.67582134538582e-05
"Sparc",2.14971623953485e-89,0.684015969801098,1,0.998,3.74050625679064e-85
"Itga8",1.05170251562981e-26,0.682553408138715,0.8,0.608,1.82996237719587e-22
"Palld",2.62802123068096e-42,0.682154282615831,0.712,0.412,4.57275694138487e-38
"Actn1",1.40985897694648e-48,0.679204030131542,0.816,0.539,2.45315461988688e-44
"Plpp3",9.69486305555978e-30,0.678366614507605,0.492,0.247,1.6869061716674e-25
"Mdk",4.35778117551395e-30,0.671312037792904,0.517,0.255,7.58253924539427e-26
"Ak1",1.08150859117915e-52,0.669826603981106,0.468,0.113,1.88182494865173e-48
"Ppic",4.63467101502881e-57,0.668898334820208,0.946,0.782,8.06432756615013e-53
"Dpysl3",4.93655809580605e-49,0.667515627064426,0.46,0.123,8.58961108670252e-45
"Alcam",1.68942444765052e-38,0.666981734755426,0.9,0.642,2.9395985389119e-34
"Mrc2",1.73947872963651e-47,0.661657092600452,0.752,0.437,3.02669298956753e-43
"Col4a2",4.54616676164498e-61,0.659359184490933,0.974,0.879,7.91033016526226e-57
"Meox1",2.47360241282488e-37,0.656109803373758,0.339,0.074,4.30406819831529e-33
"Smoc2",1.74869286854025e-37,0.655779538458265,0.796,0.513,3.04272559126004e-33
"Runx1",1.49167541788629e-41,0.651173788031357,0.455,0.145,2.59551522712215e-37
"Ckb",1.2287065469493e-40,0.650994543903642,0.945,0.861,2.13794939169177e-36
"Col8a1",1.07379394639666e-22,0.639540924147657,0.452,0.234,1.8684014667302e-18
"Tubb2a",7.6213978455711e-38,0.637429443894476,0.635,0.348,1.32612322512937e-33
"Sec61b",1.0528862091517e-50,0.636320702990654,0.945,0.824,1.83202200392396e-46
"Tgfbr2",2.22310473475838e-38,0.630368445669211,0.767,0.506,3.86820223847959e-34
"Fbln1",5.47179390789657e-33,0.623403342427755,0.397,0.133,9.52092139974003e-29
"Vcan",1.32887877148636e-33,0.622163496904868,0.417,0.143,2.31224906238627e-29
"Ccn5",1.29888164275879e-31,0.613449613818525,0.249,0.032,2.26005405840029e-27
"Mtch1",2.0354570862161e-45,0.610578164972266,0.883,0.666,3.54169533001601e-41
"Plod2",4.14975320108325e-35,0.607966231279883,0.659,0.382,7.22057056988485e-31
"Mtss1",5.14915909016075e-35,0.602526451855885,0.641,0.348,8.95953681687971e-31
"Hivep3",3.80689902154552e-39,0.596558798441661,0.453,0.155,6.6240042974892e-35
"Clmp",1.14269276995245e-34,0.59489570821711,0.629,0.338,1.98828541971726e-30
"Vim",9.09964635504482e-69,0.59033173481474,0.998,0.99,1.5833384657778e-64
"Gsn",2.21892932229299e-37,0.586466415396124,0.901,0.692,3.86093702078981e-33
"S100a13",2.97553336457178e-42,0.584271396051468,0.815,0.585,5.17742805435491e-38
"Smad6",2.13528031720359e-29,0.582637082130646,0.519,0.25,3.71538775193425e-25
"Ctsk",3.46600681209799e-35,0.581547932497701,0.747,0.489,6.03085185305051e-31
"Adcy7",7.25855717276437e-40,0.580298653941574,0.331,0.057,1.262988948061e-35
"Mmp14",9.30633786317947e-35,0.578238043763143,0.598,0.316,1.61930278819323e-30
"Ptn",8.28928961681532e-21,0.577500102022331,0.164,0.017,1.44233639332587e-16
"Vamp5",1.68379666338307e-36,0.575485699723213,0.744,0.481,2.92980619428655e-32
"Crispld2",1.17768992871012e-26,0.573434011080226,0.491,0.242,2.0491804759556e-22
"Serpinh1",6.75386962014423e-64,0.572618165356264,0.994,0.97,1.1751733139051e-59
"Bicc1",1.15149864852787e-41,0.569561215365355,0.923,0.723,2.0036076484385e-37
"Ptgfrn",1.68118195383576e-35,0.562210528911369,0.691,0.395,2.92525659967422e-31
"Kdelr3",1.86742646065339e-37,0.562117225868693,0.63,0.329,3.2493220415369e-33
"Tgfb3",2.30504751830293e-37,0.558830807898749,0.397,0.114,4.0107826818471e-33
"Tmem119",7.48337952976198e-36,0.558327361099952,0.523,0.232,1.30210803817858e-31
"Col6a1",4.40810574558617e-42,0.546533888098042,0.941,0.797,7.67010399731993e-38
"Myof",1.74713300552558e-36,0.543819691315419,0.609,0.303,3.04001142961452e-32
"Tubb5",2.83026428267641e-30,0.540709388671681,0.909,0.788,4.92465985185696e-26
"Sec61g",2.61627777984714e-46,0.540026434560511,0.965,0.909,4.55232333693402e-42
"Fkbp11",4.27165178472548e-33,0.537519792797344,0.378,0.119,7.43267410542233e-29
"Cyb5r3",1.87316748827249e-34,0.536506228705951,0.775,0.546,3.25931142959414e-30
"Slc8a1",1.19568133515335e-40,0.535768444663846,0.44,0.138,2.08048552316682e-36
"Nme2",9.97205748939433e-65,0.535162617903052,0.992,0.99,1.73513800315461e-60
"Aebp1",2.40326244210625e-28,0.534676819626696,0.713,0.469,4.18167664926488e-24
"Tbx20",3.09777023744282e-19,0.533090914274128,0.797,0.642,5.39012021315051e-15
"S100a4",1.10035275511511e-30,0.531281888973013,0.222,0.018,1.9146137939003e-26
"Pla1a",1.05061433547662e-31,0.530512487783659,0.366,0.116,1.82806894372933e-27
"Lmna",2.00336105432584e-27,0.529811514897001,0.804,0.62,3.48584823452696e-23
"Csrp1",3.52806668412897e-27,0.525421896012576,0.891,0.724,6.1388360303844e-23
"Adamts2",2.11262434307359e-40,0.524559608504167,0.921,0.768,3.67596635694805e-36
"Aldh1a2",4.49088468279953e-28,0.515753134248468,0.206,0.017,7.81413934807118e-24
"Ccn4",7.36561115568831e-23,0.51039947154947,0.449,0.229,1.28161634108977e-18
"Thbs1",4.42840491113219e-12,0.510398766911162,0.718,0.57,7.70542454537001e-08
"Pdgfrl",8.57831154703412e-25,0.510223453122051,0.543,0.306,1.49262620918394e-20
"Abracl",4.79895124118588e-29,0.502300931394033,0.658,0.393,8.35017515966343e-25
"Zfp469",7.22161382165719e-41,0.501780632924438,0.283,0.022,1.25656080496835e-36
"Capn6",1.30985537972104e-24,0.499689691486047,0.475,0.234,2.27914836071461e-20
"Tnfaip2",1.78228623987e-26,0.498631024867278,0.41,0.17,3.1011780573738e-22
"Tagln",1.0252167180611e-08,0.497883734794171,0.913,0.879,0.000178387708942632
"Rps2",6.37630785134161e-85,0.493297069514798,0.998,0.998,1.10947756613344e-80
"Fmo2",1.73300710605557e-24,0.491319688447719,0.219,0.039,3.01543236453669e-20
"Wnt5a",3.52665756625652e-24,0.488111748408741,0.539,0.296,6.13638416528634e-20
"Hspg2",1.7470818936955e-26,0.488025976180612,0.737,0.511,3.03992249503017e-22
"Myl6",8.7550288883448e-46,0.485288782986779,0.996,0.988,1.52337502657199e-41
"Pdgfrb",3.89133043472908e-32,0.482037362476459,0.933,0.793,6.77091495642861e-28
"Nme1",1.41515938013115e-24,0.479382179415216,0.823,0.672,2.46237732142819e-20
"Rpl41",6.05455176037776e-84,0.478936522200484,1,0.998,1.05349200630573e-79
"Piezo2",3.17574710811677e-27,0.475724986941576,0.3,0.081,5.52579996812319e-23
"Hdlbp",5.10023925105692e-26,0.475211420344655,0.818,0.627,8.87441629683904e-22
"Gas7",4.22171379132431e-32,0.473878235014102,0.316,0.072,7.3457819969043e-28
"Ckap4",2.67253778587534e-22,0.470162248613777,0.735,0.545,4.65021574742308e-18
"Mxra7",7.85214959869334e-30,0.466365242246461,0.904,0.739,1.36627403017264e-25
"Fkbp10",4.09111598443267e-21,0.463805104661068,0.595,0.385,7.11854181291285e-17
"Ch25h",2.30817361148783e-17,0.463229580137869,0.205,0.057,4.01622208398882e-13
"Cyp1b1",9.61143859924555e-24,0.456775128318696,0.352,0.136,1.67239031626872e-19
"Tnfaip6",2.87484091178049e-15,0.456312881633194,0.395,0.218,5.00222318649805e-11
"Gpr39",5.66845796600228e-30,0.451210842088093,0.355,0.108,9.86311686084397e-26
"Scube1",1.30667088129012e-24,0.449413759061294,0.594,0.336,2.27360733344481e-20
"Itgbl1",8.05402986915279e-24,0.44236273616289,0.203,0.03,1.40140119723259e-19
"Gapdh",1.03910659674243e-28,0.440676515764144,0.942,0.859,1.80804547833182e-24
"Ccdc80",1.85169527261705e-27,0.440334813389625,0.987,0.951,3.22194977435367e-23
"Rpn1",6.17426733921544e-23,0.43911244587277,0.689,0.467,1.07432251702349e-18
"Dap",1.61788761613992e-22,0.438383041366081,0.675,0.457,2.81512445208345e-18
"Rpl22l1",2.79326240902049e-44,0.438178722034762,0.991,0.968,4.86027659169566e-40
"Gabarap",6.54192732023131e-33,0.437768156291358,0.963,0.889,1.13829535372025e-28
"Pid1",1.59499727788507e-22,0.436807348051022,0.346,0.134,2.77529526352002e-18
"Tmsb4x",1.20910802626722e-49,0.43654909339975,0.999,0.997,2.10384796570496e-45
"Col5a1",1.21313005997552e-22,0.434771221030025,0.903,0.776,2.1108463043574e-18
"Prrx1",7.82911198464021e-25,0.432354727656928,0.422,0.182,1.3622654853274e-20
"Pbx1",1.23588954706987e-17,0.426837622429571,0.79,0.624,2.15044781190157e-13
"Ptgs2",4.26997937966727e-13,0.425674010096405,0.187,0.062,7.42976412062106e-09
"Rps12",3.9159820342112e-49,0.425095799721802,0.998,0.987,6.81380873952748e-45
"Ltbp4",1.09521975433326e-19,0.422800535469959,0.863,0.75,1.90568237253987e-15
"Mmp23",5.72422654565276e-22,0.422744564221631,0.7,0.472,9.9601541894358e-18
"Tpm1",8.42748059598514e-24,0.422372033424888,0.943,0.829,1.46638162370141e-19
"Adarb1",3.40847932790719e-26,0.421773525199791,0.334,0.109,5.93075403055852e-22
"Ctsd",2.9421106358235e-20,0.420607913095074,0.862,0.741,5.11927250633289e-16
"Flt1",1.81822151597582e-20,0.41894028775455,0.267,0.087,3.16370543779792e-16
"Mef2c",2.86603865551433e-17,0.417787039566701,0.619,0.427,4.98690726059494e-13
"Inppl1",1.075936754374e-22,0.416695858507419,0.385,0.166,1.87212995261077e-18
"Cstb",2.01028154792516e-21,0.414777729866347,0.777,0.607,3.49788989338978e-17
"Tmem45a",6.39362522878168e-28,0.414647240727359,0.351,0.116,1.11249078980801e-23
"Mtus2",2.00101344647975e-21,0.411958967769904,0.392,0.178,3.48176339687477e-17
"Copz2",6.74909111182431e-20,0.410782106934501,0.636,0.424,1.17434185345743e-15
"Srpx",3.30620308102505e-28,0.409730712836021,0.318,0.086,5.75279336098358e-24
"Nkd2",8.62492587018971e-30,0.405083123448886,0.204,0.01,1.50073710141301e-25
"Tmem256",2.61441232127946e-25,0.404983519042828,0.799,0.576,4.54907743902626e-21
"Ppfibp1",1.61735807907008e-21,0.401943678336913,0.526,0.289,2.81420305758194e-17
"Fblim1",7.4179358029725e-19,0.398035925482821,0.629,0.412,1.29072082971721e-14
"Sulf1",3.39847488942251e-19,0.396651466563421,0.383,0.183,5.91334630759517e-15
"Myh10",2.16680942961238e-20,0.396510753203929,0.388,0.18,3.77024840752554e-16
"Atp5g1",4.74107176460956e-23,0.394094196773211,0.922,0.845,8.24946487042063e-19
"Nr4a2",1.53116288157205e-17,0.393299551729037,0.174,0.035,2.66422341393536e-13
"Wt1",1.37336761522531e-23,0.392445312763046,0.252,0.062,2.38965965049205e-19
"Ostc",1.25009739001608e-20,0.391722877156203,0.865,0.76,2.17516945862799e-16
"Sdc1",1.89444157420871e-21,0.391293356077452,0.248,0.069,3.29632833912316e-17
"1110008P14Rik",1.13539785826527e-20,0.390430961982132,0.465,0.235,1.97559227338158e-16
"Rasl11b",1.4636047285234e-17,0.386902030332442,0.343,0.156,2.54667222763072e-13
"C1qtnf6",6.00030369702151e-19,0.385980497243308,0.544,0.343,1.04405284328174e-14
"Wls",1.06682255082947e-21,0.385398373364135,0.791,0.605,1.85627123844329e-17
"Ptprb",8.10690461185066e-23,0.384070449284633,0.185,0.024,1.41060140246202e-18
"Rplp1",2.42717021893851e-59,0.382702103561543,0.999,1,4.22327618095301e-55
"Enc1",8.6474982931069e-19,0.381595935493878,0.259,0.087,1.5046647030006e-14
"Robo2",1.14222581563629e-16,0.38132255382821,0.856,0.711,1.98747291920715e-12
"Myo10",2.91117404246401e-18,0.380908457622176,0.834,0.671,5.06544283388737e-14
"Tmem258",1.56267665504057e-20,0.380880091032812,0.839,0.703,2.71905737977058e-16
"Taf10",5.51200227143405e-21,0.379814435618,0.717,0.487,9.59088395229524e-17
"Ace",1.1799938448591e-23,0.379700795874867,0.237,0.052,2.05318929005484e-19
"2310022B05Rik",8.53539984764587e-20,0.378814427711376,0.572,0.355,1.48515957349038e-15
"Myo1d",1.11155838729274e-22,0.375958806723502,0.37,0.153,1.93411159388936e-18
"Arf5",8.42021328322568e-30,0.374052452406463,0.964,0.914,1.46511711128127e-25
"Smco4",2.77017407150011e-20,0.373022362950353,0.408,0.2,4.82010288441019e-16
"Ahnak2",8.40063231155897e-25,0.372720240175934,0.258,0.061,1.46171002221126e-20
"Cavin3",2.43233187025882e-17,0.372559874042641,0.589,0.376,4.23225745425034e-13
"Nfix",5.84272169837059e-19,0.372235683406711,0.767,0.59,1.01663357551648e-14
"Rftn1",3.02615699701582e-21,0.37210671914944,0.323,0.124,5.26551317480753e-17
"Phlda3",9.54378040353589e-18,0.371668801727238,0.75,0.548,1.66061779021524e-13
"Sar1a",1.77343741711223e-18,0.368432732749871,0.76,0.587,3.08578110577528e-14
"Maged1",6.82621629299618e-18,0.368325522908443,0.757,0.573,1.18776163498134e-13
"Hs6st2",2.32361185933878e-24,0.367979951712079,0.223,0.04,4.04308463524947e-20
"Rplp0",3.15737107815506e-49,0.367456887449154,0.998,0.997,5.49382567598981e-45
"Gadd45b",3.12850254690546e-06,0.366650056086354,0.764,0.679,0.0544359443161549
"Col4a4",2.47482849306763e-19,0.366627955687995,0.18,0.032,4.30620157793768e-15
"Adamtsl1",1.96284555379717e-16,0.364427001909372,0.438,0.242,3.41535126360707e-12
"Cdh3",4.59928666057545e-24,0.362171625449464,0.269,0.074,8.00275878940128e-20
"Il6",4.78868620696909e-13,0.362056073792027,0.14,0.034,8.33231400012621e-09
"Hcfc1r1",7.69358141603493e-16,0.361326063522428,0.763,0.61,1.33868316639008e-11
"Cnn2",6.15481869927688e-18,0.361231609822864,0.575,0.35,1.07093845367418e-13
"Col27a1",5.52957047247152e-22,0.361038938764473,0.476,0.24,9.62145262210044e-18
"Gm42418",4.18939185691008e-20,0.360997651585196,1,1,7.28954183102355e-16
"Hspb1",1.39003884148153e-13,0.36061256638626,0.801,0.637,2.41866758417787e-09
"Gfra2",1.71990634755567e-19,0.360414174240883,0.214,0.055,2.99263704474686e-15
"Dclk1",1.57402564416582e-17,0.3599120238738,0.361,0.173,2.73880462084852e-13
"Fgl2",5.68006930093867e-18,0.359520550285332,0.137,0.012,9.88332058363329e-14
"Plekha6",2.62398430678995e-17,0.35850777607847,0.79,0.617,4.56573269381451e-13
"Emp3",1.03721837785283e-18,0.357676405887619,0.93,0.829,1.80475997746393e-14
"Kdelr2",2.08653599074647e-14,0.357323569320109,0.841,0.738,3.63057262389887e-10
"Ahnak",1.76883925225148e-19,0.357089059915858,0.917,0.795,3.07778029891758e-15
"Pdlim2",2.03138505087851e-17,0.356302646010368,0.87,0.738,3.53460998852860e-13
"Efnb1",9.73341602681886e-15,0.356004554333736,0.458,0.274,1.69361438866648e-10
"Fat1",3.32210873902017e-19,0.355824283746799,0.331,0.145,5.78046920589509e-15
"Ccdc3",2.64207460333256e-11,0.355480927452429,0.671,0.518,4.59720980979865e-07
"Eid1",2.14986347487555e-19,0.352336686919901,0.915,0.788,3.74076244628345e-15
"Smad7",3.79927566349281e-16,0.351557717089095,0.824,0.689,6.61073965447749e-12
"Rplp2",4.56503234693384e-42,0.350475839208902,0.997,0.99,7.94315628366488e-38
"Pdzrn3",1.22038688313969e-19,0.350256812703079,0.447,0.23,2.12347317666306e-15
"Ror1",3.83814137658849e-21,0.349208118466982,0.26,0.077,6.67836599526397e-17
"Plec",4.55010191225574e-15,0.348515535553505,0.471,0.281,7.91717732732499e-11
"Tmem200a",3.86285801246323e-21,0.346341359419936,0.26,0.077,6.72137294168602e-17
"Cthrc1",6.6286066364846e-19,0.344869172306849,0.14,0.01,1.15337755474832e-14
"Oxct1",4.07300367044073e-17,0.344791448149771,0.526,0.306,7.08702638656688e-13
"Slc16a2",5.48577505210012e-17,0.344390891330045,0.451,0.252,9.54524859065422e-13
"Rpl10a",3.50752188981345e-39,0.342987558183055,0.995,0.99,6.1030880882754e-35
"Rpl12",1.02045215900608e-28,0.341981812454164,0.99,0.971,1.77558675667058e-24
"Ddb1",5.58824639629319e-17,0.3405852829423,0.701,0.508,9.72354872955015e-13
"Loxl2",2.51011766804188e-14,0.339916152013878,0.75,0.587,4.36760474239286e-10
"Timp2",8.46282340458038e-25,0.336171733722789,0.986,0.945,1.47253127239699e-20
"AI506816",1.60230628651782e-16,0.335179935333302,0.343,0.166,2.78801293854101e-12
"Tm4sf1",6.66462791787113e-11,0.334756440036895,0.506,0.351,1.15964525770958e-06
"Gpx1",2.48242396166649e-15,0.33434371710248,0.803,0.674,4.31941769329969e-11
"Nrp1",2.78563907102483e-13,0.33395548246014,0.505,0.334,4.84701198358321e-09
"Bdnf",7.51729186130106e-10,0.333346792797947,0.157,0.059,1.30800878386639e-05
"Txndc5",7.70242964020811e-17,0.332789831858079,0.774,0.605,1.34022275739621e-12
"Olfml3",6.163107605667e-18,0.332551807479392,0.954,0.881,1.07238072338606e-13
"Gng11",1.04871253386353e-12,0.332379711927421,0.789,0.634,1.82475980892254e-08
"Ssr2",6.47014184064208e-15,0.331028754212793,0.832,0.731,1.12580468027172e-10
"Ptk7",4.31738928022151e-20,0.330073249427821,0.311,0.118,7.51225734758543e-16
"Cyth3",4.16427380143208e-14,0.329418459516878,0.536,0.351,7.24583641449183e-10
"Cda",1.08047881455099e-22,0.329263840206247,0.184,0.022,1.88003313731872e-18
"Ybx1",9.48419247953173e-24,0.32916817573435,0.959,0.897,1.65024949143852e-19
"Eef1b2",1.94484441566136e-29,0.326753040746152,0.982,0.961,3.38402928325077e-25
"Sardh",3.08498485578486e-20,0.326229940019716,0.267,0.086,5.36787364906566e-16
"Gdf6",6.56482043221215e-16,0.325545559931715,0.372,0.192,1.14227875520491e-11
"Vegfd",2.12600519562671e-15,0.324672501488236,0.171,0.042,3.69924904039048e-11
"Vgll3",2.56563689194373e-21,0.323250837652197,0.211,0.044,4.4642081919821e-17
"Sh3bgrl3",2.27382752635109e-14,0.322385968672796,0.72,0.546,3.95645989585089e-10
"1500009L16Rik",1.84901947409396e-18,0.322161733530873,0.251,0.084,3.2172938849235e-14
"S100a1",2.24806269113502e-13,0.321452377958805,0.64,0.461,3.91162908257493e-09
"Tsc22d3",1.09591259757994e-15,0.320676999964383,0.436,0.242,1.9068879197891e-11
"Rpl31",8.61559079574339e-24,0.320079653615668,0.975,0.931,1.49911279845935e-19
"Axl",3.19214597341385e-13,0.318895984414024,0.685,0.518,5.5543339937401e-09
"Dstn",1.8759059057098e-14,0.318436490561709,0.837,0.692,3.26407627593504e-10
"Mrpl33",2.43923243327193e-14,0.317681067044926,0.847,0.708,4.24426443389316e-10
"Cd63",4.05693031056404e-29,0.317493640286009,0.991,0.987,7.05905874038143e-25
"Smim1",6.19657890280601e-14,0.316918384141978,0.714,0.543,1.07820472908825e-09
"Lum",7.7684089697337e-20,0.316887147124466,0.996,0.968,1.35170316073366e-15
"Plxna4",4.24151836681608e-15,0.316329091015534,0.291,0.128,7.38024195825998e-11
"Cavin1",1.63156829261721e-12,0.316029152494856,0.762,0.624,2.83892882915394e-08
"Anxa5",2.03741862344326e-17,0.315624820937523,0.957,0.908,3.54510840479127e-13
"Boc",2.28550455705423e-20,0.315617983498305,0.243,0.069,3.97677792927436e-16
"Atp1a2",6.25700354917653e-17,0.314713402667477,0.313,0.136,1.08871861755672e-12
"Cdh11",8.79580042726691e-21,0.312808115399368,0.151,0.01,1.53046927434444e-16
"Scpep1",1.40835446299486e-16,0.312689805773596,0.356,0.171,2.45053676561106e-12
"Rps26",1.47814697347552e-28,0.311582558141307,0.995,0.983,2.5719757338474e-24
"Ifi27",9.51582062597457e-10,0.311078991304962,0.671,0.538,1.65575278891957e-05
"Ssr3",7.03854167179896e-16,0.31075965801511,0.843,0.701,1.22470625089302e-11
"Copa",6.76665525636063e-13,0.310712234367164,0.626,0.45,1.17739801460675e-08
"Lpin1",9.67128399000182e-15,0.310018362959025,0.271,0.118,1.68280341426032e-10
"Fbln2",1.24059148332733e-22,0.309698425693352,0.165,0.012,2.15862918098955e-18
"Dkk3",9.8484764539145e-15,0.308744478492297,0.662,0.482,1.71363490298112e-10
"Baiap2",3.19389099312744e-13,0.307179627074796,0.346,0.187,5.55737032804174e-09
"Serf2",1.11862550064104e-29,0.307130066176627,0.995,0.993,1.94640837111541e-25
"Cox5b",5.86867056059965e-15,0.306517155163293,0.917,0.817,1.02114867754434e-10
"Aprt",7.50063634910187e-13,0.306419819239177,0.787,0.662,1.30511072474373e-08
"Cpxm1",2.23040895853243e-14,0.306312396494761,0.796,0.613,3.88091158784642e-10
"Frem1",4.66031773045562e-16,0.306027691677385,0.259,0.101,8.10895285099278e-12
"Micos10",9.99574179840059e-15,0.305048842987175,0.842,0.719,1.7392590729217e-10
"Emp2",8.73253775605419e-14,0.304970146867275,0.694,0.516,1.51946156955343e-09
"Edn1",1.967453502853e-10,0.304690784123568,0.146,0.049,3.42336909496421e-06
"Slc6a6",3.74626290495511e-12,0.304482886654341,0.341,0.188,6.51849745462188e-08
"Ugdh",2.21347754254186e-17,0.304097465516684,0.41,0.205,3.85145092402283e-13
"Cotl1",1.13805879869902e-14,0.302171259503205,0.437,0.252,1.9802223097363e-10
"Vcp",9.42828940326515e-12,0.301898548851858,0.769,0.637,1.64052235616814e-07
"Ifi30",7.52610381414868e-16,0.30114393917563,0.384,0.202,1.30954206366187e-11
"Rpl14",4.10621136279446e-22,0.299943320040961,0.988,0.961,7.14480777126236e-18
"Gpm6b",1.25738453406498e-12,0.299780236586257,0.423,0.252,2.18784908927306e-08
"Ssr1",1.19950844584647e-11,0.299180072999505,0.644,0.476,2.08714469577286e-07
"Kif26b",1.71622866647588e-19,0.299104723563084,0.177,0.03,2.98623787966803e-15
"Pdgfa",6.70170117206036e-11,0.29904161622668,0.457,0.299,1.1660960039385e-06
"Ehd2",9.91092991213608e-13,0.296401233872662,0.572,0.398,1.72450180471168e-08
"Nupr1",5.15720637707866e-07,0.296290972498696,0.764,0.691,0.00897353909611688
"Serf1",8.14211020786348e-15,0.29597155651364,0.458,0.272,1.41672717616824e-10
"Gpr153",1.51204730875533e-13,0.295853472466488,0.402,0.23,2.63096231723427e-09
"Sec61a1",1.36066846911646e-10,0.29560351522549,0.597,0.445,2.36756313626264e-06
"Wnt11",4.47847285746904e-21,0.295234307329958,0.137,0.002,7.79254277199613e-17
"Snta1",1.97192872876392e-16,0.294855517343169,0.249,0.092,3.43115598804922e-12
"Rpl27a",9.40003990689301e-42,0.293400172463484,1,1,1.63560694379938e-37
"Fstl3",1.17150466741017e-15,0.293018508842265,0.215,0.071,2.0384181212937e-11
"Gas1",1.33886248116427e-06,0.292749464171842,0.454,0.338,0.0232962071722584
"Dact3",7.69932699015524e-14,0.292280434804242,0.368,0.197,1.33968289628701e-09
"Gda",3.07994954897378e-13,0.292188191903101,0.317,0.16,5.35911221521437e-09
"Slc38a10",5.72522867866816e-14,0.29202357221937,0.463,0.276,9.96189790088259e-10
"Krtcap2",1.40148706568285e-16,0.291872047466562,0.921,0.827,2.43858749428816e-12
"Cd44",7.86009793049371e-08,0.291321663063593,0.447,0.319,0.00136765703990591
"Mgst1",5.84188758998981e-12,0.290979273842977,0.472,0.301,1.01648844065823e-07
"Pcdh7",1.36736554891047e-12,0.290081789878782,0.631,0.449,2.37921605510422e-08
"Twsg1",1.0670028585724e-09,0.289977548167777,0.59,0.457,1.85658497391598e-05
"Prdx2",1.95043577286666e-17,0.288992870430618,0.931,0.881,3.39375824478798e-13
"Gm10076",1.25458972510297e-12,0.288675357173267,0.621,0.435,2.18298612167918e-08
"Eef1g",4.69917088671989e-16,0.288339505759084,0.921,0.854,8.17655734289261e-12
"Dhx58os",2.00230231336655e-21,0.288105622899491,0.167,0.017,3.4840060252578e-17
"Arpc2",1.23699927787631e-16,0.287915264956683,0.923,0.85,2.15237874350478e-12
"Creb3l1",1.12390996282202e-11,0.287851011972879,0.536,0.363,1.95560333531031e-07
"Sox4",4.30934594312182e-09,0.286973232027665,0.585,0.422,7.49826194103197e-05
"Mical2",2.51689469072378e-15,0.28677362869138,0.261,0.104,4.37939676185937e-11
"Bhlhe40",3.94296968833854e-08,0.28674463207923,0.56,0.418,0.000686076725770906
"Ppp1r14b",7.25666362351578e-10,0.286295328205643,0.763,0.637,1.26265947049175e-05
"Mrpl54",1.18307778446827e-12,0.284385683664784,0.598,0.415,2.05855534497478e-08
"Atp5o",3.4811941578957e-14,0.284380270994574,0.752,0.575,6.05727783473852e-10
"Yif1b",2.40277035269631e-11,0.284157004689319,0.549,0.378,4.18082041369158e-07
"Smtnl2",7.94851792828976e-19,0.283488459018766,0.194,0.042,1.38304211952242e-14
"Ssr4",1.1943703762294e-15,0.282660491060705,0.947,0.904,2.07820445463916e-11
"Dnpep",2.87380707097782e-14,0.281919604993542,0.408,0.225,5.00042430350141e-10
"Ctnnbip1",1.69171792811544e-13,0.281637868546434,0.353,0.188,2.94358919492087e-09
"Cyp2e1",3.82188154021055e-08,0.281374038581134,0.148,0.062,0.000665007387996636
"Sphk1",1.5088682401984e-15,0.280161282856352,0.266,0.106,2.62543073794521e-11
"Ybx3",2.84549075820464e-11,0.279846639351714,0.849,0.745,4.95115391927607e-07
"Gm49708",4.9510914326007e-18,0.279238244902652,0.208,0.054,8.61489909272522e-14
"Smdt1",5.03446799561465e-14,0.278309122659169,0.9,0.832,8.75997431236949e-10
"Neo1",3.97652791991718e-13,0.278256358069683,0.356,0.188,6.91915858065589e-09
"Rps17",1.80690243631328e-18,0.278228684957299,0.978,0.968,3.14401023918511e-14
"Rab31",3.11874982953446e-09,0.277615366965105,0.572,0.429,5.42662470338997e-05
"Serpine1",2.7291082596303e-06,0.27732971822631,0.592,0.484,0.0474864837175672
"Syn3",6.7940263109688e-14,0.276332253945041,0.231,0.092,1.18216057810857e-09
"Sec31a",9.80653437654411e-11,0.275773713445907,0.671,0.506,1.70633698151868e-06
"Nr4a3",3.42141434756306e-05,0.275425102559299,0.311,0.224,0.595326096475973
"Tnfrsf12a",8.50182451093944e-11,0.275361116280405,0.274,0.143,1.47931746490346e-06
"Por",9.752862566599e-10,0.273999107177425,0.601,0.437,1.69699808658823e-05
"Rps15",7.09749915666283e-14,0.273399198830588,0.941,0.906,1.23496485325933e-09
"Trf",5.01335003698654e-06,0.273148463424391,0.554,0.444,0.0872322906435658
"Snhg18",1.70120047731752e-13,0.272998093035393,0.901,0.83,2.96008883053249e-09
"Lbh",2.28471924283947e-11,0.27246615862677,0.959,0.909,3.97541148254067e-07
"Enpp1",1.50549900560434e-16,0.270600676208437,0.282,0.113,2.61956826975154e-12
"Rpl35",1.83043457430855e-26,0.270340863304137,0.995,0.993,3.18495615929688e-22
"Dhrs3",4.19270801507646e-08,0.269808336525429,0.683,0.548,0.000729531194623304
"Dad1",4.04457467283154e-15,0.269790525634029,0.952,0.921,7.03755993072687e-11
"Atp5e",4.48105357333994e-23,0.268968684796729,0.99,0.975,7.7970332176115e-19
"Npm1",5.10681787337949e-16,0.268142695873958,0.975,0.948,8.88586309968031e-12
"Flna",3.61491084958435e-10,0.267460814812552,0.806,0.687,6.28994487827677e-06
"Cd248",9.53586916492068e-11,0.267259786434905,0.311,0.173,1.6592412346962e-06
"Slc3a2",5.20532617597623e-11,0.267040387934786,0.459,0.297,9.05726754619863e-07
"S100a11",5.16779558939278e-16,0.266604968264064,0.985,0.982,8.99196432554343e-12
"Dram1",5.20135207878596e-15,0.26613196926811,0.247,0.096,9.05035261708757e-11
"Ptger4",3.29892478768778e-16,0.265823990215905,0.228,0.076,5.74012913057673e-12
"Tmem167",4.33080229390562e-11,0.264969924534643,0.805,0.703,7.53559599139578e-07
"Plscr2",1.39435228043584e-11,0.264281371573903,0.4,0.235,2.42617296795836e-07
"Fgf2",4.36958611432864e-16,0.264024406520455,0.254,0.094,7.60307983893184e-12
"Npc2",1.47757921568236e-10,0.26401997347218,0.925,0.866,2.57098783528731e-06
"Mcfd2",3.30736262405701e-12,0.26379790683949,0.612,0.439,5.7548109658592e-08
"Dynll1",1.06437192368503e-14,0.262863237820767,0.96,0.933,1.85200714721195e-10
"Cfh",4.14729179102176e-12,0.262551635860857,0.981,0.936,7.21628771637786e-08
"Id2",3.88472403542767e-08,0.261993161640015,0.591,0.444,0.000675941982164414
"Arap1",1.79084711438241e-15,0.260349797732142,0.313,0.141,3.1160739790254e-11
"Rpl28",4.41152206448837e-31,0.259615707614832,0.998,0.998,7.67604839220977e-27
"Sigmar1",2.89138888248323e-12,0.259470052473881,0.372,0.207,5.03101665552083e-08
"Kank2",5.3386474712064e-12,0.257717236206532,0.502,0.331,9.28924659989913e-08
"Rps20",9.59667121688713e-42,0.257630113111216,0.999,1,1.66982079173836e-37
"Ppa1",1.08866777004733e-09,0.257592238182664,0.37,0.229,1.89428191988235e-05
"Sspn",4.1218097657365e-11,0.256252450320755,0.347,0.207,7.17194899238151e-07
"Sec24d",7.0278144950585e-12,0.256181796276806,0.488,0.309,1.22283972214018e-07
"Vat1",3.06350450606895e-09,0.25613066832252,0.364,0.232,5.33049784055998e-05
"Pmp22",3.57451785944711e-10,0.255563535990081,0.723,0.561,6.21966107543797e-06
"Fam13c",1.17514518763895e-14,0.254397640077608,0.22,0.079,2.04475262649177e-10
"Ap2m1",2.18410397924779e-09,0.254226394207375,0.617,0.479,3.80034092389115e-05
"Eif5a",6.42047651759933e-10,0.254033771899531,0.958,0.918,1.11716291406228e-05
"Hmgn1",1.4015713951109e-11,0.253826590426848,0.927,0.847,2.43873422749296e-07
"Ahsg",3.39982623802018e-08,0.252377653229082,0.164,0.076,0.000591569765415511
"Copb2",1.37758808015453e-08,0.250927333561674,0.682,0.563,0.000239700325946887
"Snrpd2",4.25147670562904e-11,0.250234026732892,0.858,0.739,7.39756946779454e-07
"Fuca1",1.71812756131553e-07,-0.250036481342118,0.586,0.645,0.00298954195668902
"Lrrn3",1.12057477810512e-10,-0.250143075933949,0.116,0.215,1.9498001139029e-06
"Cmpk2",3.15284583380311e-08,-0.250153693188145,0.13,0.212,0.00054859517508174
"Camk1d",3.99679839590358e-09,-0.250415087478501,0.134,0.227,6.95442920887222e-05
"Sowahc",5.16317321600125e-11,-0.250865044272218,0.125,0.227,8.98392139584217e-07
"Dusp3",4.16151062415409e-08,-0.251611541625982,0.249,0.341,0.000724102848602812
"Serpina3f",7.06604123054332e-09,-0.252080117779406,0.083,0.16,0.000122949117411454
"Tubb4b",1.34467017057972e-06,-0.252220168211781,0.633,0.689,0.0233972609680872
"Adamts15",7.90712998737493e-15,-0.25242778418395,0.101,0.217,1.37584061780324e-10
"Pcnp",1.25313465744813e-07,-0.252569390083484,0.559,0.605,0.00218045430395975
"Zmynd8",0.000209073804680604,-0.252839684348229,0.349,0.398,1
"Gna14",7.85221760127013e-32,-0.252990276501202,0.021,0.136,1.366285862621e-27
"Tmem9b",5.26381931173288e-09,-0.253009023735302,0.327,0.418,9.15904560241521e-05
"Adora2a",1.80423841217381e-12,-0.255394439619326,0.108,0.213,3.13937483718243e-08
"Top1",2.57439467028809e-08,-0.255542861585539,0.69,0.731,0.000447944672630128
"Sp100",9.72205117481958e-07,-0.256060624794953,0.562,0.607,0.0169163690441861
"Cers4",1.35480148626531e-07,-0.256240297030979,0.232,0.316,0.00235735458610164
"Itpripl1",2.13886169834329e-16,-0.257587340239025,0.09,0.208,3.72161935511732e-12
"Adgra3",7.04812890457099e-07,-0.258604196535641,0.229,0.306,0.0122637442939535
"Pcdh18",1.22256073853355e-09,-0.259137530826145,0.222,0.324,2.12725568504838e-05
"Sh3glb2",1.04469069137219e-10,-0.259280437025827,0.215,0.324,1.81776180298761e-06
"Cit",5.83036224451059e-14,-0.259748895938,0.068,0.165,1.01448303054484e-09
"Ifi44",5.87480450979347e-08,-0.260390571879543,0.35,0.444,0.00102221598470406
"Evi5",1.59206553738375e-08,-0.26075929008527,0.335,0.418,0.000277019403504772
"Tmem204",2.25996790468398e-10,-0.261209023286605,0.634,0.713,3.93234415415012e-06
"Oxr1",3.56849632864247e-08,-0.26141810673566,0.273,0.361,0.000620918361183789
"Hs3st3a1",1.77597500093493e-09,-0.261866279529978,0.132,0.222,3.09019650162678e-05
"Cebpb",4.01852746747596e-08,-0.261938895772324,0.95,0.933,0.000699223779340817
"Khdrbs3",5.82420766502855e-08,-0.263295865974548,0.443,0.519,0.00101341213371497
"Dusp6",7.22934755148243e-08,-0.263777280212061,0.506,0.582,0.00125790647395794
"Mtus1",9.02459012988258e-09,-0.2640278587981,0.387,0.477,0.000157027868259957
"C6",2.172172675147e-07,-0.264336516489463,0.278,0.375,0.00377958045475579
"Plekhh2",1.00499463463905e-09,-0.264588614915087,0.161,0.257,1.74869066427195e-05
"Tspan4",4.88569460852977e-12,-0.265200646465988,0.771,0.815,8.50110861884181e-08
"Tspan7",5.1604003412317e-15,-0.265622642202988,0.093,0.203,8.97909659374315e-11
"Pip4k2a",3.78796333369988e-07,-0.265943285504096,0.31,0.392,0.00659105620063779
"Mbd1",0.000321173668027481,-0.266427673770346,0.442,0.501,1
"Ryk",8.67861818066128e-11,-0.266663544783575,0.77,0.808,1.51007956343506e-06
"Xpc",2.90752916126043e-13,-0.267792890050365,0.139,0.257,5.05910074059316e-09
"Hsp90aa1",4.39637619279226e-07,-0.268693861849091,0.915,0.924,0.00764969457545853
"Sbds",4.78511015909083e-08,-0.269015023612981,0.501,0.561,0.000832609167681804
"Spry2",2.7424542214377e-08,-0.269788956856975,0.267,0.358,0.00047718703453016
"Il10rb",2.37994159121372e-09,-0.269938765284946,0.343,0.439,4.14109836871187e-05
"Syf2",2.05853828718842e-09,-0.273451196382692,0.503,0.582,3.58185661970785e-05
"Hist1h2bc",8.2710875812542e-11,-0.275288546250976,0.547,0.662,1.43916923913823e-06
"Lamb1",8.58567383922423e-10,-0.275533652416788,0.702,0.738,1.49390724802502e-05
"Egfl7",1.56405646830417e-16,-0.275896978681093,0.074,0.183,2.72145825484926e-12
"Egr2",3.95525715675965e-05,-0.276000943050094,0.456,0.497,0.688214745276179
"Emc7",1.76862353275325e-09,-0.276375190264999,0.701,0.739,3.07740494699065e-05
"App",4.77585529038366e-17,-0.276619039708653,0.959,0.966,8.30998820526757e-13
"Ccrl2",1.24850513622773e-11,-0.277329301326905,0.149,0.254,2.17239893703626e-07
"Dmd",5.20123164609707e-05,-0.279065793973545,0.265,0.321,0.90501430642089
"Tgfbr3",4.17447787879338e-08,-0.280486655601644,0.515,0.592,0.000726359150910048
"Mt1",9.64738991179212e-08,-0.281254159239888,0.926,0.945,0.00167864584465183
"Zfp950",4.11103799811732e-07,-0.281306981210145,0.261,0.339,0.00715320611672414
"Etv1",2.7754633829412e-08,-0.281766724471934,0.281,0.373,0.000482930628631768
"Slfn2",4.53136544544831e-08,-0.282004476531544,0.279,0.373,0.000788457587508006
"Ifi35",9.32783493728383e-09,-0.282350697021062,0.453,0.526,0.000162304327908739
"Lrrc4c",6.20280933525761e-14,-0.282599547751942,0.114,0.225,1.07928882433482e-09
"Hsp90b1",1.54977625209636e-15,-0.282629548374788,0.968,0.97,2.69661067864767e-11
"Acsl5",9.04214440223815e-09,-0.282919568209692,0.412,0.506,0.000157333312598944
"Ier5",3.25984110764517e-05,-0.283382108354558,0.536,0.568,0.56721235273026
"Gbp3",7.0998426182484e-07,-0.283827535233935,0.306,0.385,0.0123537261557522
"Adam23",1.01801576092066e-10,-0.284724683883339,0.113,0.208,1.77134742400194e-06
"Rapgef5",1.99014818110176e-07,-0.285127538067403,0.538,0.605,0.00346285783511706
"Arhgap6",1.32427008827574e-10,-0.285436780099709,0.309,0.418,2.30422995359979e-06
"Slco3a1",1.59002463387671e-07,-0.285819144010071,0.495,0.556,0.00276664286294548
"Srsf7",3.61861886781279e-08,-0.286359150757616,0.626,0.666,0.000629639682999426
"Ccdc68",5.19504591500738e-10,-0.287624039403137,0.491,0.585,9.03937989211285e-06
"Fdx1",1.26150172446952e-09,-0.287776967038294,0.563,0.627,2.19501300057696e-05
"Slc16a9",7.69952167674283e-08,-0.288936534981595,0.266,0.35,0.00133971677175325
"Itih3",8.96197029113981e-15,-0.290235100945244,0.085,0.192,1.55938283065833e-10
"Bace2",3.76799154331733e-14,-0.290486821693457,0.223,0.358,6.55630528537215e-10
"Birc2",9.03140688564626e-05,-0.29069775036774,0.336,0.385,1
"Jag1",4.23997337993386e-11,-0.291035209813495,0.177,0.286,7.37755368108492e-07
"Rnf213",1.74963970767793e-08,-0.291258822571066,0.47,0.556,0.00030443730913596
"Pim3",6.08494203123979e-06,-0.291325732215692,0.276,0.343,0.105877991343572
"Macf1",2.85894217051325e-11,-0.291514116076473,0.716,0.76,4.97455937669305e-07
"Ifi47",1.4718455403503e-07,-0.292436815766395,0.282,0.37,0.00256101124020953
"Plac8",1.01267297418993e-19,-0.29324673014034,0.974,0.985,1.76205097509048e-15
"Trim30a",4.07572068286273e-11,-0.293935041085429,0.452,0.553,7.09175398818115e-07
"Mbd2",1.94077715824035e-08,-0.29520614653287,0.535,0.61,0.000337695225533821
"Etnk1",7.12090775465833e-09,-0.295794837161876,0.361,0.449,0.000123903794931055
"Srsf5",1.94753164354318e-10,-0.296554562284743,0.773,0.813,3.38870505976514e-06
"Sprn",6.81456693179106e-12,-0.297883889587113,0.122,0.227,1.18573464613164e-07
"Rsrc2",2.78133261497702e-11,-0.297923856255351,0.507,0.603,4.83951875006001e-07
"Jak1",2.4094114441992e-09,-0.298557304963982,0.698,0.723,4.19237591290661e-05
"Gab1",3.0262534288383e-10,-0.298682071367697,0.27,0.378,5.26568096617865e-06
"Rock2",2.84254455217615e-12,-0.300406445519823,0.72,0.8,4.94602752078651e-08
"Rnf152",6.01200704911431e-22,-0.300520840195261,0.085,0.224,1.04608922654589e-17
"Mlph",7.35238784122199e-15,-0.302366884028062,0.142,0.266,1.27931548437263e-10
"Cnbp",3.45336224505644e-13,-0.30252773359278,0.78,0.818,6.0088503063982e-09
"Adamts13",2.0775526238473e-20,-0.303004904248315,0.076,0.202,3.61494156549431e-16
"Prss23",4.11925876387567e-10,-0.303035592088341,0.692,0.768,7.16751024914366e-06
"Tnfaip8",7.00454492046646e-09,-0.303079037500737,0.332,0.417,0.000121879081616116
"Mcam",7.9128391878811e-31,-0.303184495931805,0.03,0.155,1.37683401869131e-26
"Enpp4",3.71569795418629e-14,-0.303710064831396,0.153,0.274,6.46531444028414e-10
"Sntg1",5.56420060025777e-07,-0.304662590788657,0.242,0.321,0.00968170904444852
"Snrk",7.47462963787431e-08,-0.305134621663126,0.276,0.36,0.00130058555699013
"Ddx24",3.76278109994045e-11,-0.305591759871948,0.645,0.706,6.54723911389638e-07
"Ech1",2.12420626739847e-10,-0.30695324329253,0.621,0.699,3.69611890527334e-06
"Cxcl5",3.30398707784129e-05,-0.307098214858061,0.091,0.146,0.574893751544384
"Cyp4b1",2.74722918876901e-39,-0.307595484513212,0.01,0.121,4.78017878845808e-35
"Itga1",3.31118718610219e-15,-0.308173511276115,0.879,0.926,5.76146570381781e-11
"Lrrc32",1.16742486934886e-10,-0.308891410309988,0.562,0.655,2.03131927266702e-06
"Nmi",5.6723012340914e-10,-0.3094459569527,0.294,0.397,9.86980414731903e-06
"Avl9",1.18903616685568e-12,-0.309653563339755,0.154,0.266,2.06892293032888e-08
"Selenbp1",9.55042317892715e-10,-0.310606131811768,0.439,0.533,1.66177363313332e-05
"Afap1l2",1.04180663950675e-16,-0.31075126486173,0.1,0.22,1.81274355274174e-12
"Ccnd2",1.4144619192794e-08,-0.311033252008487,0.746,0.765,0.000246116373954615
"Oat",3.24629172215437e-15,-0.311409876159511,0.82,0.867,5.6485475965486e-11
"Eif4e3",3.09970543300804e-13,-0.312180845547716,0.227,0.353,5.39348745343399e-09
"Ccnd1",1.81465285875392e-09,-0.312204956116036,0.314,0.422,3.15749597423182e-05
"Ctso",3.18877823242889e-09,-0.31246790310232,0.267,0.361,5.54847412442626e-05
"Itgb1",4.05659100415874e-19,-0.312713683231789,0.974,0.982,7.05846834723621e-15
"Neurl3",2.79237245778545e-17,-0.314224552015588,0.08,0.198,4.85872807654669e-13
"Hotairm1",5.09697990018118e-10,-0.314238071165896,0.32,0.422,8.86874502631526e-06
"Clec14a",3.81647172305148e-11,-0.315100066876635,0.239,0.353,6.64066079810958e-07
"Saraf",7.90168509428707e-10,-0.321037230884844,0.593,0.649,1.37489320640595e-05
"Actn4",6.89526616977695e-19,-0.324106119654873,0.91,0.919,1.19977631354119e-14
"Hand2os1",1.5817513166117e-11,-0.325715627955572,0.818,0.866,2.75224729090435e-07
"Rgl1",4.3490516518005e-12,-0.326634014230917,0.366,0.482,7.56734987413287e-08
"H2-Q6",3.41765316152639e-10,-0.327053524698782,0.313,0.42,5.94671650105592e-06
"Add3",1.74709598980555e-09,-0.327387128871909,0.347,0.439,3.03994702226165e-05
"Arhgap5",2.04268827308778e-13,-0.329136925311332,0.604,0.677,3.55427759517273e-09
"Hand2",4.98862352414985e-13,-0.330212404469887,0.749,0.813,8.68020493202074e-09
"Rxra",7.18502714431976e-12,-0.331487644923545,0.338,0.454,1.25019472311164e-07
"Pam",1.57763974321309e-25,-0.33479986536519,0.974,0.988,2.74509315319077e-21
"Ifitm2",7.87372301729853e-37,-0.334908538536488,0.989,0.992,1.37002780500994e-32
"Bok",1.17888423049582e-15,-0.336210044211818,0.856,0.901,2.05125856106272e-11
"Pttg1",8.45085427078042e-13,-0.337540947258095,0.434,0.539,1.47044864311579e-08
"H2-M3",1.04295683984203e-11,-0.337721156614486,0.393,0.501,1.81474490132514e-07
"Sqor",1.4793214844022e-09,-0.338019552253621,0.265,0.358,2.57401938285983e-05
"Mapt",3.99341322594523e-44,-0.33897256618469,0.02,0.163,6.9485390131447e-40
"Ptger2",4.16991388385004e-14,-0.339076418142119,0.157,0.279,7.25565015789907e-10
"Clstn3",4.42685925572662e-29,-0.339853704423139,0.067,0.22,7.70273510496432e-25
"Ncoa7",3.70525765770376e-13,-0.33997797894475,0.499,0.595,6.44714832440454e-09
"Esam",6.93930847313414e-30,-0.34117521797573,0.045,0.182,1.20743967432534e-25
"Ctsl",2.57684690280078e-28,-0.341491398219926,0.98,0.98,4.48371361087335e-24
"Zbp1",4.34008530202147e-11,-0.341567822077266,0.295,0.408,7.55174842551736e-07
"Notch1",5.19113527641333e-17,-0.34302951045801,0.192,0.334,9.03257538095919e-13
"Ece1",4.47306673182974e-11,-0.343137360407372,0.599,0.662,7.78313611338375e-07
"Gm26532",2.57194481537284e-08,-0.343176299915798,0.36,0.445,0.000447518397874874
"Dnajb1",0.000656762106282874,-0.343903264907836,0.502,0.521,1
"Gbp7",1.26964291398982e-09,-0.344614200813837,0.355,0.45,2.20917867034228e-05
"Irgm2",5.70387472032242e-17,-0.344913982572391,0.301,0.454,9.92474201336101e-13
"Pnp",1.6298813701712e-11,-0.345334794910993,0.54,0.625,2.83599358409789e-07
"Pde3a",7.36043526952326e-12,-0.345600220112058,0.557,0.64,1.28071573689705e-07
"Epha7",1.47624577497294e-12,-0.345696769142012,0.404,0.518,2.56866764845292e-08
"H2-T22",1.62473956358308e-15,-0.345912810559908,0.673,0.739,2.82704684063456e-11
"Marcks",4.6626751823065e-21,-0.346488194418801,0.938,0.963,8.11305481721331e-17
"Tcn2",1.59464843257179e-13,-0.346831385533655,0.471,0.58,2.77468827267491e-09
"Tmem86a",3.56738736594944e-15,-0.347936767481285,0.311,0.455,6.20725401675203e-11
"Dusp5",6.01356329773336e-13,-0.349030090074204,0.186,0.309,1.0463600138056e-08
"Tmem59",5.64489115261817e-18,-0.350464813051047,0.894,0.916,9.82211060555562e-14
"Ube2l6",2.19373006528888e-09,-0.35110380890855,0.294,0.39,3.81709031360265e-05
"Lamc1",1.81845886616664e-11,-0.351663893370675,0.593,0.655,3.16411842712995e-07
"Msi2",4.50068305712054e-13,-0.353583178492853,0.454,0.561,7.83118851938974e-09
"Acaa2",1.03767927709667e-17,-0.353665748678783,0.73,0.82,1.8055619421482e-13
"Myo1b",2.24678892165598e-07,-0.354981506740038,0.406,0.462,0.0039094127236814
"Tgoln1",1.83516746832162e-11,-0.3554780484431,0.43,0.526,3.19319139487963e-07
"Tanc1",2.42233237122798e-12,-0.356461681681913,0.303,0.42,4.21485832593668e-08
"Ptpn9",1.11159489037316e-13,-0.357500312981684,0.38,0.497,1.93417510924929e-09
"Nt5e",3.67960272367825e-47,-0.357719208684775,0.018,0.163,6.40250873920015e-43
"Clic4",7.17435222561639e-17,-0.357796595738506,0.703,0.8,1.24833728725725e-12
"Rerg",4.01836690376347e-15,-0.358584048502052,0.603,0.709,6.99195841254843e-11
"Ddr2",7.98872716800057e-18,-0.36067906878104,0.466,0.613,1.3900385272321e-13
"Ubb",1.42426818872755e-36,-0.361446688581914,0.994,0.997,2.47822664838594e-32
"Gsta4",9.01527055571743e-18,-0.363363093037195,0.14,0.281,1.56865707669483e-13
"Acvr2a",1.39330344013763e-17,-0.364810184341988,0.201,0.348,2.42434798583947e-13
"Psen2",4.90341040167455e-19,-0.365971581022129,0.182,0.336,8.53193409891372e-15
"Rhod",8.98834728876602e-12,-0.369678815726981,0.45,0.546,1.56397242824529e-07
"Gja1",1.10892813310611e-10,-0.369790943244674,0.38,0.486,1.92953495160464e-06
"Cd82",3.97180803152421e-16,-0.371736346868637,0.505,0.63,6.91094597485213e-12
"Plin2",2.47202126316138e-14,-0.37279897049284,0.563,0.657,4.3013169979008e-10
"Ppp1r15a",7.06007702235215e-08,-0.372926110051771,0.564,0.624,0.00122845340188927
"Susd2",8.41579143085495e-13,-0.374318046785825,0.333,0.449,1.46434770896876e-08
"Lratd1",2.6271348557804e-44,-0.374814351131094,0.032,0.193,4.5712146490579e-40
"Psmb10",4.68635438802305e-15,-0.375432490792739,0.711,0.783,8.15425663516011e-11
"Sucnr1",1.74078443548854e-38,-0.376107217457648,0.053,0.224,3.02896491775006e-34
"Gm4951",3.05864840419883e-16,-0.377215590072871,0.314,0.471,5.32204822330596e-12
"Sema3d",1.60530442491794e-18,-0.380767982161674,0.293,0.449,2.79322969935722e-14
"S1pr3",2.18241648635517e-12,-0.383402631234213,0.4,0.511,3.79740468625799e-08
"Ifi27l2a",4.65452996897221e-31,-0.38351651659526,0.992,0.998,8.09888214601165e-27
"Pdlim1",1.77278634268725e-16,-0.384027503402114,0.67,0.748,3.08464823627581e-12
"Selenop",1.30699718058888e-21,-0.384097092764897,0.777,0.844,2.27417509422465e-17
"Trib1",7.97236201308066e-15,-0.384583574344361,0.119,0.235,1.38719099027603e-10
"Adap2",1.23786420648674e-17,-0.385137461865482,0.204,0.353,2.15388371928693e-13
"Spint2",7.36317774000101e-26,-0.387177498054542,0.113,0.276,1.28119292676018e-21
"Rragd",1.03714049362435e-30,-0.388535289905234,0.076,0.239,1.80462445890638e-26
"Sft2d2",4.20266904823491e-20,-0.390077076902038,0.172,0.329,7.31264414392874e-16
"Nt5dc2",5.12593251392501e-17,-0.390558252392645,0.184,0.328,8.91912257422952e-13
"Imp3",5.40871501783257e-17,-0.391190122278232,0.653,0.731,9.41116413102868e-13
"Sertad1",4.23489423162874e-15,-0.391430318476939,0.397,0.514,7.36871596303400e-11
"Kctd12",3.12058065626938e-23,-0.391537175637815,0.173,0.351,5.42981034190873e-19
"Ptafr",2.45598864364953e-37,-0.392806862690074,0.058,0.229,4.27342023995018e-33
"Sat1",1.12281407749484e-11,-0.393021458911268,0.579,0.645,1.95369649484101e-07
"Lims1",5.03584962903404e-21,-0.394418752761185,0.694,0.79,8.76237835451923e-17
"Ifi208",2.30492913538523e-32,-0.395161285824487,0.074,0.242,4.0105766955703e-28
"Plxnc1",4.53869441926763e-19,-0.395183690403547,0.137,0.279,7.89732828952567e-15
"Qpct",8.54857479434741e-10,-0.398554644823012,0.424,0.509,1.48745201421645e-05
"Fgfr2",2.63354582833558e-23,-0.398851943087927,0.933,0.946,4.5823697413039e-19
"Fut8",5.19539247070931e-18,-0.399558621603682,0.218,0.365,9.0399828990342e-14
"Mamdc2",3.12856772231679e-16,-0.400872796224375,0.245,0.388,5.44370783683121e-12
"Pnrc1",2.70572179526059e-18,-0.402675814083146,0.758,0.813,4.70795592375343e-14
"Ccl19",5.15239175431729e-14,-0.403232493369549,0.766,0.822,8.96516165251209e-10
"Rbms3",3.8624213977799e-17,-0.405912238930212,0.7,0.802,6.72061323213703e-13
"Rsrp1",1.88987067641339e-26,-0.406156741221281,0.921,0.938,3.28837497695929e-22
"Jup",2.13484365181715e-19,-0.409369278020584,0.6,0.721,3.71462795416184e-15
"Rnaset2a",8.43886533280338e-20,-0.411343665641776,0.59,0.718,1.46836256790779e-15
"Dennd2a",3.72754046812342e-17,-0.412822032094153,0.265,0.412,6.48592041453474e-13
"Foxf1",2.95433930733808e-20,-0.414299187102613,0.408,0.566,5.14055039476825e-16
"Hmox2",7.49136881495532e-17,-0.417925593879077,0.427,0.556,1.30349817380223e-12
"Hilpda",5.05143715342344e-13,-0.418356218004532,0.258,0.376,8.78950064695679e-09
"Slc40a1",8.18468277798415e-15,-0.41990255783135,0.354,0.486,1.42413480336924e-10
"Eva1b",8.61057172078296e-35,-0.420010151107258,0.958,0.983,1.49823947941623e-30
"Ntf3",4.02334135566984e-20,-0.420643932330258,0.258,0.429,7.00061395886552e-16
"Gpc6",1.66923427877355e-15,-0.421812797206827,0.361,0.492,2.90446764506598e-11
"Dapk2",1.6770599775589e-16,-0.422512933692837,0.339,0.481,2.91808436095249e-12
"Dusp1",2.76859778915019e-15,-0.422514575422215,0.807,0.872,4.81736015312134e-11
"Serping1",1.01220315258915e-50,-0.423689434052109,0.994,0.995,1.76123348550512e-46
"Il34",2.83326976333587e-16,-0.430897980556742,0.306,0.449,4.92988938820441e-12
"Angptl2",1.30374596611947e-24,-0.432926232795899,0.776,0.852,2.26851798104788e-20
"Cd47",1.01599143553732e-28,-0.433655487804355,0.878,0.923,1.76782509783493e-24
"Fam49a",1.55448058817594e-22,-0.433728168074224,0.207,0.373,2.70479622342614e-18
"Ccbe1",1.08854387135615e-21,-0.436017928788012,0.26,0.435,1.8940663361597e-17
"Adamts1",8.71555331780864e-16,-0.440403413537557,0.555,0.684,1.5165062772987e-11
"Son",1.80969122512162e-26,-0.440721634003336,0.855,0.913,3.14886273171162e-22
"Bmyc",9.91291808929458e-18,-0.441864646749605,0.717,0.803,1.72484774753726e-13
"Nr1h5",3.64087998302896e-31,-0.442613979974796,0.128,0.321,6.33513117047039e-27
"Gdf10",1.68186480447686e-26,-0.445808718529797,0.73,0.877,2.92644475978973e-22
"Ifih1",2.23691837026418e-19,-0.446584169233702,0.34,0.489,3.89223796425967e-15
"Dnaja1",2.03192030702981e-20,-0.44834181469133,0.906,0.933,3.53554133423187e-16
"Sdf4",2.32510838836372e-23,-0.451163902210571,0.73,0.79,4.04568859575287e-19
"Nrxn2",1.22132363675026e-28,-0.452799087449205,0.19,0.388,2.12510312794545e-24
"Raph1",1.48206143241738e-28,-0.453621735705349,0.919,0.956,2.57878689240624e-24
"Il6st",1.74164923765989e-25,-0.455594721442791,0.876,0.918,3.03046967352821e-21
"Rnd3",7.10661575764797e-19,-0.459798088990917,0.552,0.676,1.23655114183075e-14
"Rtp4",1.31116764844336e-19,-0.460078911961422,0.551,0.671,2.28143170829145e-15
"Mndal",1.70153193517899e-22,-0.462757550207254,0.721,0.818,2.96066556721144e-18
"Cped1",4.61635007528258e-25,-0.462813822466998,0.592,0.729,8.0324491309917e-21
"Psmb9",2.43912542070538e-20,-0.463000645005357,0.428,0.575,4.24407823202736e-16
"Gpc4",1.14750789230824e-19,-0.464810023583914,0.443,0.583,1.99666373261634e-15
"Mfge8",7.96813522269646e-24,-0.466982728774891,0.792,0.84,1.38645552874918e-19
"Gucy1b1",1.63019422126577e-20,-0.470918537270079,0.688,0.77,2.83653794500245e-16
"Cela1",1.97226305144331e-31,-0.473274201200691,0.12,0.311,3.43173770951136e-27
"Hhip",4.74233665348851e-60,-0.474662318498661,0.01,0.168,8.25166577707e-56
"Camk2n1",4.19465217906394e-23,-0.474919166386008,0.475,0.642,7.29869479157125e-19
"Parp14",1.34152101405269e-20,-0.475859844590735,0.309,0.472,2.33424656445168e-16
"Ptprk",1.0376240463754e-24,-0.476443382146828,0.361,0.545,1.80546584069319e-20
"Arhgap24",7.4704714844547e-24,-0.477515705764723,0.33,0.511,1.29986203829512e-19
"Hpse",8.0942410960584e-23,-0.479511978244338,0.394,0.561,1.40839795071416e-18
"Rnaset2b",4.32428741401872e-23,-0.48032505326196,0.519,0.645,7.52426010039257e-19
"Tln2",9.58346878820181e-26,-0.480940225211025,0.364,0.545,1.66752356914711e-21
"Lifr",1.34515856520131e-18,-0.482605473044185,0.713,0.79,2.34057590345028e-14
"Hspa1a",2.05893225807396e-17,-0.482628265537901,0.887,0.914,3.58254212904869e-13
"Xaf1",3.06961704371669e-22,-0.485719085023061,0.6,0.703,5.34113365606705e-18
"Phf11d",2.14199810693162e-22,-0.487229741473965,0.5,0.65,3.72707670606101e-18
"Stat1",7.94220667350631e-19,-0.487287684511174,0.539,0.652,1.3819439611901e-14
"Gpat2",1.62957702239997e-33,-0.487592231582396,0.121,0.316,2.83546401897595e-29
"Itgb3",3.61247668326389e-71,-0.488515713781915,0.023,0.232,6.28570942887918e-67
"Ntn1",3.28362180679397e-24,-0.488677984869265,0.591,0.743,5.71350194382151e-20
"Slc9a3r2",2.40335399018873e-25,-0.489147271532457,0.738,0.813,4.18183594292839e-21
"C2",1.43559307856668e-26,-0.491627907566601,0.569,0.723,2.49793195670603e-22
"Nfkbiz",5.91960213139364e-10,-0.492067718106436,0.546,0.618,1.03001077086249e-05
"Tmtc2",6.11936726921411e-30,-0.49360737411215,0.268,0.487,1.06476990484326e-25
"Gns",8.79234038576949e-23,-0.494376810718231,0.505,0.642,1.52986722712389e-18
"Psmb8",1.11025670949968e-24,-0.494713611094676,0.733,0.81,1.93184667452944e-20
"B2m",9.62155709265472e-94,-0.501335707351354,0.997,0.998,1.67415093412192e-89
"Nr1h4",1.22841747428725e-25,-0.502143477946185,0.439,0.613,2.13744640525981e-21
"Ifit1",5.9467918804086e-19,-0.503434482790956,0.335,0.509,1.0347417871911e-14
"Spry1",6.5354929354763e-28,-0.506618987048771,0.685,0.813,1.13717577077288e-23
"Sept7",4.93353783793796e-31,-0.507261462142264,0.878,0.914,8.58435583801205e-27
"Zeb2",5.27072913350323e-34,-0.507312777606668,0.878,0.941,9.17106869229563e-30
"Ifi204",1.06100060178154e-23,-0.507630209938392,0.5,0.65,1.84614104709989e-19
"Ifi206",5.456829516338e-33,-0.512412614324068,0.138,0.338,9.49488335842812e-29
"Adm",1.63002763782684e-16,-0.512792574207923,0.378,0.516,2.83624808981871e-12
"Bmp2",2.55624083338624e-23,-0.515936526279541,0.242,0.42,4.44785905009206e-19
"Malat1",2.58328427823522e-20,-0.519267395446797,0.989,0.998,4.49491464412929e-16
"Ngf",4.41008705029612e-28,-0.521028624942827,0.555,0.724,7.67355146751524e-24
"Cyp20a1",3.05841967799002e-30,-0.524636399341425,0.524,0.689,5.32165023970264e-26
"Tinagl1",1.50629184904555e-23,-0.526827301369166,0.487,0.649,2.62094781733926e-19
"Fhl1",4.75433567516959e-25,-0.528904843543815,0.368,0.553,8.2725440747951e-21
"P2ry14",1.62478582447195e-30,-0.531974379097392,0.169,0.363,2.82712733458119e-26
"Jund",3.83859756181603e-40,-0.534207514667466,0.959,0.976,6.6791597575599e-36
"Oaf",5.81804784702018e-29,-0.53421976759784,0.663,0.783,1.01234032538151e-24
"Bst2",4.14589938937074e-40,-0.541263943726797,0.944,0.97,7.21386493750509e-36
"Fosb",1.11359577343822e-25,-0.544350844558153,0.86,0.911,1.9376566457825e-21
"Cd302",3.24678311500888e-52,-0.546169858057351,0.957,0.975,5.64940262011546e-48
"H2-Q4",1.0106983350778e-29,-0.54929663950238,0.519,0.697,1.75861510303537e-25
"Cdh2",2.12813754851397e-33,-0.551101578738949,0.79,0.877,3.70295933441431e-29
"Cd151",5.141368224983e-29,-0.55194001804628,0.573,0.714,8.94598071147042e-25
"Clec2d",8.86980824530421e-29,-0.559693824605988,0.333,0.539,1.54334663468293e-24
"Apoe",2.50355882866333e-38,-0.56228155210987,0.999,0.998,4.35619236187419e-34
"Ifi203",1.44618740700511e-28,-0.563530181312915,0.682,0.808,2.51636608818889e-24
"Socs3",3.25822225439975e-18,-0.565836943032541,0.634,0.729,5.66930672265557e-14
"Papss2",6.79081608166946e-30,-0.569502244392493,0.518,0.692,1.18160199821049e-25
"Ets1",9.54640460524033e-32,-0.572010641551879,0.6,0.751,1.66107440131182e-27
"Itm2b",7.16789180901549e-90,-0.573243723137783,0.997,0.998,1.2472131747687e-85
"Adra2b",1.63763676232031e-32,-0.574107807707275,0.276,0.491,2.84948796643733e-28
"Trp53i11",2.34404689677606e-55,-0.57887822444634,0.082,0.319,4.07864160039034e-51
"Lama1",2.53666685782107e-34,-0.579413114157483,0.172,0.383,4.41380033260867e-30
"D630033O11Rik",1.42617432094224e-52,-0.579763661904969,0.084,0.318,2.4815433184395e-48
"Ndrg2",7.11454174772057e-30,-0.582924759211592,0.533,0.686,1.23793026410338e-25
"Cxcl2",5.89756416657879e-06,-0.584450906727686,0.073,0.129,0.102617616498471
"Ktn1",1.24411285170094e-29,-0.585335293772429,0.469,0.637,2.16475636195963e-25
"Slfn5",6.54598866707738e-33,-0.587278531710848,0.597,0.748,1.13900202807146e-28
"Bco1",1.61162496485239e-40,-0.589085004049907,0.23,0.484,2.80422743884315e-36
"Ly6e",4.1352410950993e-75,-0.591037786473459,0.986,0.998,7.19531950547279e-71
"Ggt5",2.2205633193257e-48,-0.592260100200618,0.119,0.368,3.86378017562672e-44
"Serpina3g",1.0156037033267e-26,-0.594915832232635,0.365,0.568,1.76715044378846e-22
"Pltp",2.64935752311329e-32,-0.596244821645433,0.414,0.618,4.60988209021712e-28
"Gm14964",8.2500300657443e-49,-0.601735692684973,0.162,0.43,1.43550523143951e-44
"Art3",2.09070446359293e-42,-0.602920177812428,0.29,0.548,3.6378257666517e-38
"Lhx2",1.50818875796832e-34,-0.605395647375989,0.442,0.637,2.62424843886488e-30
"Slco2b1",1.67617803429144e-69,-0.608647086210301,0.049,0.294,2.91654977966711e-65
"Icam1",3.67169112175516e-21,-0.609322693969675,0.481,0.625,6.38874255185398e-17
"Tshz2",1.51374644822309e-38,-0.615831531154839,0.71,0.844,2.63391881990818e-34
"Ifit3b",2.58056968702053e-38,-0.618886863368075,0.187,0.418,4.49019125541572e-34
"Sema6d",2.73404000556579e-38,-0.621352493118089,0.553,0.739,4.75722960968448e-34
"Fos",1.05546895014104e-48,-0.62217747676845,0.972,0.983,1.83651597324541e-44
"Epas1",2.18763483476892e-34,-0.622630361996674,0.598,0.756,3.80648461249791e-30
"Arhgap42",1.99918024806445e-37,-0.623392695307834,0.375,0.593,3.47857363163213e-33
"Ephx1",7.9235007144925e-43,-0.625143532879721,0.494,0.713,1.37868912432169e-38
"Iigp1",3.12922877196608e-25,-0.62698922628365,0.669,0.792,5.44485806322098e-21
"Gja4",4.54534714534325e-32,-0.627420457659653,0.162,0.363,7.90890403289726e-28
"Arap2",1.53491918110967e-31,-0.637406562418388,0.545,0.697,2.67075937513083e-27
"Crip2",1.4237546227988e-57,-0.638790859155461,0.9,0.951,2.47733304366992e-53
"Hes1",9.87563236606896e-27,-0.642517713555572,0.778,0.854,1.718360031696e-22
"Pf4",1.6551156727066e-32,-0.646185020183907,0.443,0.647,2.87990127050948e-28
"Tmem108",7.77645189218035e-76,-0.650131558797349,0.044,0.296,1.35310262923938e-71
"Tent5a",9.39379046432335e-36,-0.650793736713125,0.409,0.624,1.63451954079226e-31
"Ms4a4d",1.46009264945652e-43,-0.652008149225551,0.606,0.78,2.54056121005435e-39
"Cadm3",1.15830154169439e-63,-0.652935847042788,0.102,0.376,2.01544468254823e-59
"Ndufa4l2",6.00804705916732e-40,-0.653842034509778,0.133,0.358,1.04540018829511e-35
"Rgs4",1.48857806415792e-42,-0.654850312879751,0.036,0.197,2.59012583163477e-38
"Fam171b",2.23312312746285e-42,-0.655789622313655,0.353,0.6,3.88563424178536e-38
"Gem",3.32227101701273e-29,-0.658818078965512,0.618,0.766,5.78075156960215e-25
"Jun",7.36981295884988e-44,-0.662641126804002,0.948,0.968,1.28234745483988e-39
"Eps8",4.91326184597212e-41,-0.664716253319694,0.464,0.679,8.54907561199149e-37
"Rarres2",4.11832801903562e-80,-0.669267020237363,0.974,0.995,7.16589075312198e-76
"Phlda1",4.36381022142697e-32,-0.674215710834838,0.882,0.926,7.59302978528292e-28
"Smagp",3.07050900720032e-86,-0.674675787132363,0.06,0.356,5.34268567252855e-82
"Junb",7.64580408143552e-47,-0.679923055762019,0.962,0.973,1.33036991016978e-42
"Ly6a",5.2944404059393e-34,-0.681420351524129,0.845,0.913,9.21232630633438e-30
"1700025G04Rik",1.09324208215356e-41,-0.685523870757815,0.248,0.489,1.9022412229472e-37
"Btg2",7.48844886505518e-27,-0.687934587045553,0.603,0.729,1.3029901025196e-22
"Tmem47",2.89280875261916e-42,-0.689211113290077,0.675,0.845,5.03348722955734e-38
"Ifitm3",1.71367332376985e-123,-0.689912204971433,0.999,0.998,2.98179158335955e-119
"Ngfr",3.06107512156582e-39,-0.697660685260887,0.268,0.513,5.32627071152452e-35
"AW112010",6.87378314330925e-42,-0.697925152084222,0.646,0.813,1.19603826693581e-37
"Marcksl1",2.95992195026197e-45,-0.70324125608886,0.593,0.778,5.15026419345583e-41
"Cebpd",3.39466085236279e-40,-0.704314106511502,0.939,0.983,5.90670988311125e-36
"Ccl7",2.1728222359383e-13,-0.709546484724647,0.297,0.44,3.78071069053264e-09
"Rbm46",2.75536622239902e-11,-0.71055390336848,0.411,0.509,4.7943372269743e-07
"Tmem141",6.11429390981879e-48,-0.712445089190203,0.379,0.639,1.06388714030847e-43
"Arvcf",1.00583034659071e-53,-0.713029472510164,0.455,0.711,1.75014480306784e-49
"Prelp",2.20138470608992e-91,-0.713403207093222,0.98,0.993,3.83040938859647e-87
"G0s2",7.55732023195002e-42,-0.720060815287114,0.898,0.966,1.3149737203593e-37
"Apold1",1.28831209410542e-59,-0.723579257477913,0.096,0.358,2.24166304374343e-55
"Nfkbia",2.74742423046904e-35,-0.731206434864095,0.75,0.852,4.78051816101613e-31
"Apoc1",2.78300810705265e-10,-0.737800508715728,0.476,0.566,4.84243410627162e-06
"H2-K1",2.5858608235106e-115,-0.745611165384152,0.992,0.997,4.49939783290844e-111
"Isg15",2.96541821659736e-36,-0.745756612537146,0.676,0.827,5.1598276968794e-32
"Cfb",3.5494257777072e-49,-0.759008747710666,0.304,0.585,6.17600085321052e-45
"Ntm",3.41120657336544e-131,-0.770190810184196,0.009,0.311,5.93549943765587e-127
"Aard",6.08664494382639e-50,-0.775442494167516,0.293,0.568,1.05907622022579e-45
"Egr1",6.15933008867993e-42,-0.778512690575438,0.854,0.896,1.07172343543031e-37
"Sept4",7.98439443971412e-89,-0.783393872685979,0.929,0.982,1.38928463251026e-84
"Irf1",2.16231180064883e-31,-0.783650694845879,0.418,0.6,3.76242253312896e-27
"Efemp1",1.0649003799922e-58,-0.790479356001909,0.591,0.839,1.85292666118643e-54
"Irf7",7.73508738668153e-53,-0.790602807194686,0.652,0.834,1.34590520528259e-48
"Lgals3bp",3.06162292627521e-88,-0.800924987033411,0.878,0.953,5.32722389171886e-84
"Zfp36",5.02041909490101e-44,-0.810302250046004,0.845,0.918,8.73552922512775e-40
"Aldh2",2.83541557675414e-56,-0.810910234965135,0.577,0.783,4.93362310355221e-52
"Cxcl1",6.38711710830851e-14,-0.817213620513137,0.325,0.454,1.11135837684568e-09
"Ifnar2",2.2328173816678e-95,-0.822149728717759,0.905,0.961,3.88510224410197e-91
"H2-T23",3.80731653256801e-68,-0.828113153749788,0.836,0.948,6.62473076666834e-64
"Bmp10",3.19980178844482e-106,-0.838935275473627,0.068,0.417,5.56765511189399e-102
"Cxcl12",2.66942547641504e-90,-0.841444514090492,0.973,0.998,4.64480032896218e-86
"Tnfrsf11b",1.74152337416564e-36,-0.84756080360201,0.396,0.598,3.03025067104821e-32
"Ednrb",7.26433833659951e-72,-0.865590887706584,0.664,0.914,1.26399487056832e-67
"Ppp1r14a",2.61382613832689e-57,-0.870399267755681,0.607,0.825,4.54805748068878e-53
"Cks2",4.89994706986339e-71,-0.871399310260784,0.383,0.692,8.5259079015623e-67
"Sorbs1",1.79867118281021e-74,-0.871588900585085,0.265,0.6,3.12968785808976e-70
"Bcr",8.55969386423675e-39,-0.871795397972369,0.243,0.476,1.48938673237719e-34
"Col14a1",5.81387836150877e-110,-0.879698792950055,0.967,0.99,1.01161483490253e-105
"Abi3bp",1.85861164480211e-59,-0.881202300648527,0.47,0.733,3.23398426195568e-55
"Fermt2",1.31489963740209e-80,-0.883278034815068,0.917,0.955,2.28792536907964e-76
"Hsd11b1",3.82274637736099e-57,-0.887096535550375,0.802,0.876,6.65157869660812e-53
"Ier2",3.70940479592168e-51,-0.894686985821308,0.775,0.879,6.45436434490373e-47
"Tnfrsf21",3.4548392893039e-72,-0.902316201082797,0.526,0.788,6.01142036338878e-68
"Bmp5",8.89078433386765e-80,-0.907086200315905,0.663,0.879,1.54699647409297e-75
"Slmap",1.14678367998619e-63,-0.910848129729603,0.456,0.731,1.99540360317596e-59
"Steap4",8.14660188518201e-86,-0.911666810028051,0.944,0.988,1.41750872802167e-81
"H2-Q7",3.71207039204849e-72,-0.916901981947245,0.71,0.901,6.45900248216437e-68
"Agtr1a",2.35196924116813e-89,-0.994260697359726,0.494,0.8,4.09242647963254e-85
"Ednra",6.28512797909287e-89,-1.014621784232,0.418,0.745,1.09361226836216e-84
"H2-D1",1.76334168967963e-179,-1.02387969799661,0.995,0.998,3.06821454004256e-175
"Dcn",9.41018114251152e-223,-1.06867123433377,1,0.998,1.63737151879701e-218
"Ifit3",3.51642567205213e-69,-1.07103184649658,0.479,0.783,6.11858066937071e-65
"Hs3st3b1",5.20977135607988e-88,-1.07340094554782,0.585,0.834,9.06500215957899e-84
"Hgf",1.09403896415376e-110,-1.07485621691262,0.817,0.965,1.90362779762754e-106
"Rasgrp2",3.59095419418271e-96,-1.08234414946939,0.429,0.792,6.24826029787791e-92
"Atf3",3.33633799427815e-39,-1.11911634613166,0.489,0.703,5.80522811004398e-35
"Ehd3",2.13897889400917e-81,-1.12213513803937,0.53,0.813,3.72182327557596e-77
"Rspo3",5.14848031485771e-93,-1.12717073402595,0.739,0.923,8.95835574785242e-89
"Calcrl",8.2529376587947e-82,-1.13024985584401,0.288,0.639,1.43601115263028e-77
"Ank3",3.02520139994772e-96,-1.13435705033052,0.364,0.728,5.26385043590903e-92
"Kcnj8",7.75074834358895e-120,-1.1529695615732,0.12,0.529,1.34863021178448e-115
"Cxcl10",2.65939411051008e-42,-1.21333692592345,0.08,0.284,4.62734575228755e-38
"Masp1",1.59115317282506e-150,-1.22627339969848,0.861,0.985,2.7686065207156e-146
"Tgfbi",4.36878560517121e-156,-1.23035688449837,0.923,0.99,7.60168695299791e-152
"Clca3a1",2.39567926175077e-100,-1.23178871307532,0.492,0.822,4.16848191544635e-96
"Mustn1",4.90621439931344e-122,-1.25763421410349,0.777,0.958,8.53681305480538e-118
"Reln",1.10065708039876e-155,-1.26371343673819,0.815,0.987,1.91514331989384e-151
"Pth1r",4.4032225784515e-91,-1.29219593109272,0.557,0.824,7.6616072865056e-87
"Gdf2",7.09485505440912e-135,-1.31170634154543,0.545,0.903,1.23450477946719e-130
"Ramp1",1.76196417619233e-120,-1.33280633495255,0.735,0.966,3.06581766657465e-116
"Nrxn1",1.97591535249465e-148,-1.33689990228191,0.433,0.887,3.43809271334069e-144
"Igfbp3",3.81573957721287e-95,-1.44427912392367,0.373,0.755,6.6393868643504e-91
"Wfdc1",7.247218572992e-137,-1.45946054753219,0.231,0.697,1.26101603170061e-132
"Ccl2",2.02985159307096e-49,-1.47182070876592,0.319,0.607,3.53194177194347e-45
"Lrat",7.89765371550085e-182,-1.57825423601385,0.757,0.988,1.37419174649715e-177
"Abcc9",1.4493661466344e-167,-1.5957968019708,0.571,0.933,2.52189709514385e-163
"Sod3",3.68548746296222e-165,-1.60389452768193,0.823,0.97,6.41274818555426e-161
"Ifitm1",2.2451483350806e-158,-1.60706526810827,0.874,0.983,3.90655810304024e-154
"Vipr1",5.52808739479349e-204,-1.69954307278937,0.221,0.805,9.61887206694067e-200
"Plvap",6.39405420236421e-193,-1.71563080252471,0.81,0.983,1.11256543121137e-188
"Ecm1",4.70011566456199e-192,-1.87211092664747,0.927,0.99,8.17820125633786e-188
"Colec10",7.48429586897494e-200,-1.96796958501128,0.14,0.703,1.30226748120164e-195
"Fcna",1.45402883770826e-156,-2.07828299809701,0.278,0.768,2.53001017761237e-152
"Colec11",7.03654559254986e-244,-2.22981716605916,0.886,0.995,1.22435893310367e-239
"Tmem56",5.39127088052758e-250,-2.61174346752734,0.309,0.911,9.38081133211798e-246
"Angptl6",0,-2.8779435936761,0.043,0.753,0
"Rgs5",3.90673489762135e-284,-3.06099589569139,0.204,0.896,6.79771872186115e-280
